{"cameraMode":{"drawMode":0,"name":"Shaded","section":"Shading Mode"},"sceneLighting":false,"audioPlay":false,"sceneViewState":{"m_AlwaysRefresh":false,"showFog":true,"showSkybox":false,"showFlares":true,"showImageEffects":true,"showParticleSystems":true,"showVisualEffectGraphs":true,"m_FxEnabled":true},"in2DMode":false,"pivot":{"x":-2.240600109100342,"y":0.9171499609947205,"z":-0.9806499481201172},"rotation":{"x":-0.13171623647212983,"y":0.7284175753593445,"z":-0.14612740278244019,"w":-0.6564559936523438},"size":0.19154483079910279,"orthographic":true}