{"cameraMode":{"drawMode":0,"name":"Shaded","section":"Shading Mode"},"sceneLighting":false,"audioPlay":false,"sceneViewState":{"m_AlwaysRefresh":false,"showFog":true,"showSkybox":false,"showFlares":true,"showImageEffects":true,"showParticleSystems":true,"showVisualEffectGraphs":true,"m_FxEnabled":true},"in2DMode":false,"pivot":{"x":0.7439374923706055,"y":0.6986621618270874,"z":-0.18010985851287843},"rotation":{"x":-0.18609566986560822,"y":-0.5751408338546753,"z":0.1363709419965744,"w":-0.7848511338233948},"size":0.9591860771179199,"orthographic":false}