{"cameraMode":{"drawMode":0,"name":"Shaded","section":"Shading Mode"},"sceneLighting":false,"audioPlay":false,"sceneViewState":{"m_AlwaysRefresh":false,"showFog":true,"showSkybox":false,"showFlares":true,"showImageEffects":true,"showParticleSystems":true,"showVisualEffectGraphs":true,"m_FxEnabled":true},"in2DMode":false,"pivot":{"x":0.020842380821704866,"y":0.11529839038848877,"z":-0.09886370599269867},"rotation":{"x":0.1198856383562088,"y":-0.6499037742614746,"z":0.10479021072387696,"w":0.7432327270507813},"size":0.41841280460357668,"orthographic":true}