{"cameraMode":{"drawMode":0,"name":"Shaded","section":"Shading Mode"},"sceneLighting":false,"audioPlay":false,"sceneViewState":{"m_AlwaysRefresh":false,"showFog":true,"showSkybox":false,"showFlares":true,"showImageEffects":true,"showParticleSystems":true,"showVisualEffectGraphs":true,"m_FxEnabled":true},"in2DMode":false,"pivot":{"x":-2.243000030517578,"y":1.0228769779205323,"z":2.2996950149536135},"rotation":{"x":-0.15674278140068055,"y":-0.41884130239486697,"z":0.07354684174060822,"w":-0.8915130496025086},"size":0.17187415063381196,"orthographic":true}