{"cameraMode":{"drawMode":0,"name":"Shaded","section":"Shading Mode"},"sceneLighting":false,"audioPlay":false,"sceneViewState":{"m_AlwaysRefresh":false,"showFog":true,"showSkybox":false,"showFlares":true,"showImageEffects":true,"showParticleSystems":true,"showVisualEffectGraphs":true,"m_FxEnabled":true},"in2DMode":false,"pivot":{"x":-12.649999618530274,"y":-0.6244211196899414,"z":2.9800000190734865},"rotation":{"x":-0.04805683717131615,"y":0.951801061630249,"z":-0.2037617415189743,"w":-0.22443552315235139},"size":0.005196326412260532,"orthographic":true}