{"cameraMode":{"drawMode":0,"name":"Shaded","section":"Shading Mode"},"sceneLighting":false,"audioPlay":false,"sceneViewState":{"m_AlwaysRefresh":false,"showFog":true,"showSkybox":false,"showFlares":true,"showImageEffects":true,"showParticleSystems":true,"showVisualEffectGraphs":true,"m_FxEnabled":true},"in2DMode":false,"pivot":{"x":0.019778156653046609,"y":-0.0029000043869018556,"z":-0.09899996221065521},"rotation":{"x":-0.18710197508335114,"y":0.043606940656900409,"z":-0.00831435527652502,"w":-0.9813414216041565},"size":0.38548070192337038,"orthographic":false}