{"cameraMode":{"drawMode":0,"name":"Shaded","section":"Shading Mode"},"sceneLighting":false,"audioPlay":false,"sceneViewState":{"m_AlwaysRefresh":false,"showFog":true,"showSkybox":false,"showFlares":true,"showImageEffects":true,"showParticleSystems":true,"showVisualEffectGraphs":true,"m_FxEnabled":true},"in2DMode":false,"pivot":{"x":0.002483762800693512,"y":1.3191636800765992,"z":-5.216078281402588},"rotation":{"x":0.0006860982975922525,"y":-0.8900318145751953,"z":0.0013340498553588987,"w":0.45591720938682558},"size":0.11666446924209595,"orthographic":true}