{"cameraMode":{"drawMode":0,"name":"Shaded","section":"Shading Mode"},"sceneLighting":false,"audioPlay":false,"sceneViewState":{"m_AlwaysRefresh":false,"showFog":true,"showSkybox":false,"showFlares":true,"showImageEffects":true,"showParticleSystems":true,"showVisualEffectGraphs":true,"m_FxEnabled":true},"in2DMode":false,"pivot":{"x":-0.0005479957908391953,"y":0.03854159638285637,"z":0.13452136516571046},"rotation":{"x":0.03517688065767288,"y":-0.8047122359275818,"z":0.047823429107666019,"w":0.5907957553863525},"size":0.034954704344272616,"orthographic":true}