{"cameraMode":{"drawMode":0,"name":"Shaded","section":"Shading Mode"},"sceneLighting":false,"audioPlay":false,"sceneViewState":{"m_AlwaysRefresh":false,"showFog":true,"showSkybox":false,"showFlares":true,"showImageEffects":true,"showParticleSystems":true,"showVisualEffectGraphs":true,"m_FxEnabled":true},"in2DMode":false,"pivot":{"x":-0.06499999761581421,"y":1.2059999704360963,"z":-5.666999816894531},"rotation":{"x":-0.08410966396331787,"y":0.7437936067581177,"z":-0.09537418931722641,"w":-0.6563074588775635},"size":0.10941644012928009,"orthographic":true}