{"cameraMode":{"drawMode":0,"name":"Shaded","section":"Shading Mode"},"sceneLighting":false,"audioPlay":false,"sceneViewState":{"m_AlwaysRefresh":false,"showFog":true,"showSkybox":false,"showFlares":true,"showImageEffects":true,"showParticleSystems":true,"showVisualEffectGraphs":true,"m_FxEnabled":true},"in2DMode":false,"pivot":{"x":0.21081966161727906,"y":0.027445882558822633,"z":0.01972782611846924},"rotation":{"x":-0.18710197508335114,"y":0.043606940656900409,"z":-0.00831435527652502,"w":-0.9813414216041565},"size":0.17301945388317109,"orthographic":false}