{"cameraMode":{"drawMode":0,"name":"Shaded","section":"Shading Mode"},"sceneLighting":false,"audioPlay":false,"sceneViewState":{"m_AlwaysRefresh":false,"showFog":true,"showSkybox":false,"showFlares":true,"showImageEffects":true,"showParticleSystems":true,"showVisualEffectGraphs":true,"m_FxEnabled":true},"in2DMode":false,"pivot":{"x":-2.934999942779541,"y":2.2189998626708986,"z":2.012000322341919},"rotation":{"x":0.07252819836139679,"y":-0.5612416863441467,"z":0.049457650631666186,"w":0.8230104446411133},"size":0.14849255979061128,"orthographic":false}