{"cameraMode":{"drawMode":0,"name":"Shaded","section":"Shading Mode"},"sceneLighting":true,"audioPlay":false,"sceneViewState":{"m_AlwaysRefresh":false,"showFog":true,"showSkybox":false,"showFlares":true,"showImageEffects":true,"showParticleSystems":true,"showVisualEffectGraphs":true,"m_FxEnabled":true},"in2DMode":false,"pivot":{"x":-4.723267555236816,"y":0.28524529933929446,"z":3.114772081375122},"rotation":{"x":0.06897532194852829,"y":-0.6978752613067627,"z":0.06784288585186005,"w":0.7096938490867615},"size":2.9823687076568605,"orthographic":false}