{"cameraMode":{"drawMode":0,"name":"Shaded","section":"Shading Mode"},"sceneLighting":false,"audioPlay":false,"sceneViewState":{"m_AlwaysRefresh":false,"showFog":true,"showSkybox":false,"showFlares":true,"showImageEffects":true,"showParticleSystems":true,"showVisualEffectGraphs":true,"m_FxEnabled":true},"in2DMode":false,"pivot":{"x":0.012584533542394638,"y":-0.11826187372207642,"z":-0.09101352095603943},"rotation":{"x":0.012234732508659363,"y":-0.926069438457489,"z":0.029995771124958993,"w":0.3761199116706848},"size":0.3892991840839386,"orthographic":true}